direct_1.jpg,direct_2.jpg,direct_3.jpg,direct_4.jpg,direct_5.jpg,direct_6.jpg,direct_7.jpg,direct_8.jpg,direct_9.jpg,direct_10.jpg,direct_11.jpg,direct_12.jpg,direct_13.jpg,direct_14.jpg,direct_15.jpg,direct_16.jpg,direct_17.jpg,direct_18.jpg,direct_19.jpg,direct_20.jpg,neighbour_1.jpg,neighbour_2.jpg,neighbour_3.jpg,neighbour_4.jpg,neighbour_5.jpg,neighbour_6.jpg,neighbour_7.jpg,neighbour_8.jpg,neighbour_9.jpg,neighbour_10.jpg,neighbour_11.jpg,neighbour_12.jpg,neighbour_13.jpg,neighbour_14.jpg,neighbour_15.jpg,neighbour_16.jpg,neighbour_17.jpg,neighbour_18.jpg,neighbour_19.jpg,neighbour_20.jpg,time_1.jpg,time_2.jpg,time_3.jpg,time_4.jpg,time_5.jpg,time_6.jpg,time_7.jpg,time_8.jpg,time_9.jpg,time_10.jpg,time_11.jpg,time_12.jpg,time_13.jpg,time_14.jpg,time_15.jpg,time_16.jpg,time_17.jpg,time_18.jpg,time_19.jpg,time_20.jpg
0.00,0.12,0.12,0.00,0.00,0.12,0.25,0.12,0.12,0.12,0.12,0.25,0.12,0.00,0.37,0.25,0.00,0.00,0.25,0.00,0.20,0.00,0.12,0.19,0.06,0.14,0.06,0.16,0.06,0.06,0.06,0.37,0.06,0.12,0.29,0.06,0.06,0.06,0.12,0.06,0.107373029,0.088372432,0.088370405,0.096856982,0.093252212,0.084592000,0.104194716,0.090855442,0.099638522,0.097365171,0.088843599,0.092759386,0.097438499,0.088906102,0.100088097,0.096226014,0.088817537,0.098491751,0.091501772,0.096967541
0.00,0.50,0.62,0.50,0.12,0.75,3.11,0.12,0.62,0.00,0.25,0.25,0.00,0.12,0.25,0.12,0.37,0.00,0.00,0.12,26.81,30.32,31.09,26.12,35.57,36.10,44.24,33.99,39.78,37.30,44.51,26.68,46.18,49.21,39.12,23.37,28.33,28.85,36.07,34.22,0.056547321,0.053266611,0.051359247,0.052890573,0.053261653,0.054789696,0.061256535,0.056119591,0.053586915,0.056347493,0.051424898,0.054018829,0.056544174,0.052038409,0.056188807,0.051153205,0.052939322,0.055418149,0.052911524,0.053148571
0.00,0.00,0.12,4.72,0.00,1.99,79.50,0.12,0.87,0.25,79.50,0.12,0.12,81.49,2.61,0.00,0.00,0.00,0.00,65.71,50.48,58.23,44.45,54.78,66.53,63.91,81.53,51.10,54.54,66.51,79.13,41.13,75.83,82.25,64.33,53.52,49.52,49.97,68.35,75.57,0.023777984,0.021675546,0.022981904,0.024484525,0.021268148,0.021001972,0.017665463,0.024733588,0.022574645,0.019954665,0.018795814,0.029577048,0.019650912,0.018311376,0.019284163,0.023554904,0.024204381,0.023722388,0.019179396,0.016540766
70.68,77.52,8.45,67.95,91.43,67.70,99.13,71.18,73.42,95.03,92.05,62.11,98.88,100.00,95.90,55.90,0.75,82.98,94.04,95.03,74.49,76.48,68.76,73.21,88.57,82.29,98.64,74.92,81.97,93.08,90.63,64.25,98.08,100.00,95.01,74.30,79.43,81.19,92.71,95.27,0.013059051,0.011344874,0.014037913,0.013362453,0.011105519,0.011683965,0.008711272,0.012662408,0.011585416,0.009958334,0.009559666,0.018736169,0.009131733,0.008841810,0.010013860,0.012767802,0.013194688,0.012063776,0.010570096,0.008918149
75.90,82.36,81.74,69.94,97.76,95.28,100.00,89.57,77.39,99.75,96.52,66.96,100.00,100.00,100.00,65.71,95.03,89.69,99.75,96.27,81.25,81.33,83.65,78.11,96.94,95.10,100.00,89.05,87.10,99.50,96.49,69.43,100.00,100.00,100.00,78.92,93.79,88.22,99.57,96.56,0.008982755,0.008549584,0.010277381,0.009926696,0.007405473,0.008226207,0.006367174,0.009302291,0.008113758,0.007336885,0.006717091,0.013304482,0.006863693,0.006687477,0.007640217,0.009255216,0.008738372,0.008447332,0.007525044,0.006359072
78.88,86.58,81.74,77.64,99.01,97.39,100.00,96.40,87.70,100.00,97.39,68.07,100.00,100.00,100.00,76.52,99.50,90.43,100.00,95.78,82.83,85.42,83.65,83.33,98.36,97.97,100.00,95.78,92.98,100.00,96.38,71.53,100.00,100.00,100.00,81.69,99.25,89.06,100.00,95.37,0.008200715,0.007585949,0.008601897,0.008480299,0.006165465,0.007373763,0.005749684,0.007400024,0.007101441,0.005420580,0.006316118,0.010364127,0.005660284,0.005324964,0.006001541,0.008194987,0.007133221,0.006994860,0.006352506,0.005677535
78.88,85.84,83.60,83.98,100.00,97.64,100.00,98.63,84.72,100.00,98.14,71.80,100.00,100.00,100.00,78.14,99.50,90.43,100.00,97.52,82.83,84.95,86.97,87.30,100.00,97.39,100.00,98.72,95.24,100.00,97.07,72.39,100.00,100.00,100.00,83.74,99.25,89.06,100.00,97.04,0.007252235,0.006517687,0.008190587,0.007482929,0.005787819,0.006160855,0.005269927,0.006538431,0.006506093,0.005218662,0.005831332,0.009173848,0.005579615,0.005264968,0.005618727,0.007332205,0.006247042,0.006544996,0.005742839,0.005695834
78.88,86.09,86.34,83.98,100.00,97.64,100.00,100.00,84.72,100.00,98.76,71.06,100.00,100.00,100.00,75.65,99.75,90.19,100.00,97.52,82.83,85.77,89.74,87.30,100.00,97.39,100.00,100.00,95.24,100.00,97.88,73.15,100.00,100.00,100.00,83.79,99.54,88.99,100.00,97.04,0.006773805,0.006151706,0.007588184,0.006886323,0.005245481,0.006052178,0.005206439,0.005978912,0.006393435,0.005219989,0.005833986,0.009175944,0.006021726,0.005877499,0.005492658,0.007542016,0.005852006,0.005836431,0.005766516,0.005357302
81.12,86.09,86.34,83.98,100.00,96.65,100.00,100.00,85.22,100.00,98.76,78.01,100.00,100.00,100.00,82.61,100.00,90.19,100.00,97.52,85.03,85.77,89.74,87.30,100.00,97.33,100.00,100.00,95.11,100.00,97.88,76.73,100.00,100.00,100.00,86.65,100.00,88.76,100.00,97.04,0.006107774,0.005704146,0.006862367,0.007071199,0.005280683,0.006010272,0.005066332,0.005709594,0.006173008,0.005224319,0.006183135,0.010276962,0.006084516,0.005679980,0.005368965,0.007029712,0.005656372,0.005708825,0.006001471,0.005193098
80.25,86.09,86.34,84.72,100.00,99.01,100.00,100.00,84.60,100.00,99.01,76.15,100.00,100.00,100.00,83.85,100.00,90.19,100.00,97.76,85.46,85.77,89.74,88.34,100.00,98.57,100.00,100.00,94.64,100.00,98.18,78.77,100.00,100.00,100.00,86.78,100.00,88.76,100.00,97.58,0.006182647,0.006014672,0.007184905,0.006927391,0.005131845,0.005450613,0.005334463,0.005409754,0.005988969,0.005390617,0.005795711,0.008745705,0.005869606,0.005304919,0.005145116,0.007333533,0.005869606,0.005983731,0.005771266,0.005378394
80.25,86.09,86.34,84.22,100.00,99.01,100.00,100.00,84.60,100.00,99.01,79.63,100.00,100.00,100.00,83.85,100.00,90.31,100.00,97.76,85.46,85.77,89.74,88.63,100.00,98.57,100.00,100.00,94.64,100.00,98.18,79.10,100.00,100.00,100.00,86.78,100.00,88.92,100.00,97.58,0.006170773,0.006439393,0.007027059,0.006604224,0.005387963,0.005657700,0.005408917,0.005327269,0.006386241,0.005403259,0.005558172,0.007751828,0.005679771,0.005876730,0.005727544,0.007101302,0.005700584,0.006145140,0.005946784,0.005368616
80.25,86.09,85.96,84.22,100.00,99.01,100.00,100.00,84.60,100.00,99.01,79.63,100.00,100.00,100.00,80.25,100.00,90.06,100.00,97.76,85.46,85.77,90.00,88.63,100.00,98.57,100.00,100.00,94.64,100.00,98.28,79.10,100.00,100.00,100.00,87.82,100.00,88.70,100.00,97.58,0.006182717,0.005923596,0.006849585,0.006364310,0.005446702,0.005804931,0.005488259,0.005256377,0.005645267,0.005444606,0.005948809,0.008343545,0.005579335,0.005818131,0.005745843,0.006711573,0.005505021,0.006238033,0.006118250,0.005391665
80.25,86.09,88.07,85.09,100.00,98.88,100.00,100.00,84.47,100.00,99.01,79.63,100.00,100.00,100.00,80.25,100.00,90.06,100.00,97.76,85.46,85.77,89.91,87.83,100.00,98.57,100.00,100.00,94.54,100.00,98.28,79.10,100.00,100.00,100.00,87.82,100.00,88.70,100.00,97.58,0.006440300,0.006090382,0.006728895,0.006371993,0.005432104,0.005662100,0.005642125,0.005359467,0.005710921,0.005472055,0.005835313,0.007520575,0.005524089,0.005493916,0.006220501,0.006812148,0.005344031,0.006203250,0.005613000,0.005405494
79.13,86.09,88.07,85.09,100.00,98.88,100.00,100.00,84.47,100.00,99.01,79.63,100.00,100.00,100.00,81.12,100.00,90.06,100.00,97.76,84.82,85.77,90.40,87.83,100.00,98.57,100.00,100.00,94.54,100.00,98.28,79.10,100.00,100.00,100.00,88.18,100.00,88.70,100.00,97.58,0.006063004,0.006064540,0.006562876,0.006563575,0.005229138,0.005290251,0.005340679,0.004843460,0.005855778,0.005291579,0.006292371,0.007587904,0.005759462,0.005777622,0.005838945,0.006591023,0.005732014,0.006149889,0.005738160,0.004913304
79.13,86.09,88.07,86.96,100.00,98.88,100.00,100.00,84.47,100.00,99.01,79.63,100.00,100.00,100.00,81.12,100.00,90.06,100.00,97.76,84.82,85.77,90.40,88.26,100.00,98.57,100.00,100.00,94.54,100.00,98.28,79.10,100.00,100.00,100.00,88.18,100.00,88.70,100.00,97.58,0.006439183,0.005859130,0.006527536,0.006368012,0.005162856,0.005618727,0.005422256,0.005704425,0.005743049,0.005539664,0.006437925,0.007645595,0.005963546,0.005308830,0.005875054,0.006633628,0.005322450,0.005882248,0.005761348,0.005064516
79.13,86.09,88.07,86.96,100.00,98.88,100.00,100.00,84.47,100.00,99.01,80.87,100.00,100.00,100.00,82.11,100.00,90.06,100.00,97.76,84.82,85.77,90.40,88.26,100.00,98.57,100.00,100.00,94.54,100.00,98.28,80.63,100.00,100.00,100.00,88.57,100.00,88.70,100.00,97.58,0.006638098,0.006030387,0.006336233,0.005921291,0.005138271,0.005453477,0.005375112,0.005330342,0.005582268,0.005406541,0.006111965,0.007450452,0.005933094,0.005381956,0.005630321,0.006486607,0.005554750,0.006031992,0.005404237,0.005260498
79.13,86.09,88.07,86.96,100.00,98.88,100.00,100.00,84.47,100.00,99.01,80.87,100.00,100.00,100.00,82.24,100.00,90.06,100.00,97.89,84.82,85.77,90.40,88.26,100.00,98.57,100.00,100.00,94.54,100.00,98.28,80.63,100.00,100.00,100.00,88.89,100.00,88.70,100.00,97.76,0.006152473,0.005829725,0.006311997,0.006535917,0.005425329,0.005430009,0.005700165,0.005211398,0.005931977,0.005661681,0.006364310,0.007227161,0.005395926,0.005441044,0.006075296,0.005985547,0.005026591,0.006218826,0.005410732,0.005208673
79.13,86.09,88.07,86.96,100.00,98.88,100.00,100.00,84.47,100.00,99.01,80.87,100.00,100.00,100.00,81.74,100.00,90.06,100.00,97.89,84.82,85.77,90.40,88.26,100.00,98.57,100.00,100.00,94.54,100.00,98.28,80.63,100.00,100.00,100.00,89.09,100.00,88.70,100.00,97.76,0.006035136,0.005915633,0.006714088,0.006412432,0.004985942,0.005496989,0.005519688,0.005424841,0.005743468,0.005236262,0.005873168,0.007152498,0.005541480,0.005323078,0.005660423,0.006334766,0.005412408,0.006169725,0.005523111,0.005114873
79.13,87.33,88.07,86.96,100.00,98.88,100.00,100.00,84.47,100.00,99.01,80.87,100.00,100.00,100.00,81.74,100.00,90.06,100.00,97.89,84.82,87.27,90.40,88.26,100.00,98.57,100.00,100.00,94.54,100.00,98.28,80.63,100.00,100.00,100.00,89.09,100.00,88.70,100.00,97.76,0.006444561,0.006109589,0.006344265,0.006458809,0.005366521,0.005381747,0.005539734,0.004878662,0.005374064,0.005377277,0.005787609,0.007257403,0.005601755,0.005175428,0.005420999,0.006050920,0.005494824,0.005946574,0.005342215,0.004710827
79.63,87.33,88.07,81.86,100.00,98.88,100.00,100.00,84.47,100.00,99.01,80.87,100.00,100.00,100.00,82.61,100.00,90.06,100.00,97.89,85.11,87.27,90.40,86.08,100.00,98.57,100.00,100.00,94.54,100.00,98.28,80.63,100.00,100.00,100.00,90.04,100.00,88.70,100.00,97.76,0.006616935,0.006161623,0.007096622,0.006410477,0.005484907,0.005674742,0.005547975,0.005007873,0.005726775,0.005484417,0.006052597,0.007378093,0.005565506,0.005678793,0.005182482,0.005928415,0.005284454,0.006206672,0.005416110,0.004967573
79.63,87.33,88.94,81.86,100.00,98.88,100.00,100.00,84.47,100.00,99.01,80.87,100.00,100.00,100.00,82.61,100.00,90.06,100.00,97.89,85.11,87.27,90.49,86.08,100.00,98.57,100.00,100.00,94.54,100.00,98.28,80.63,100.00,100.00,100.00,90.04,100.00,88.70,100.00,97.76,0.006580128,0.005629484,0.006584808,0.006217498,0.004835359,0.005469262,0.005548604,0.005080021,0.005599660,0.005107609,0.006065728,0.007296585,0.005666430,0.005984220,0.005470309,0.005908229,0.005153776,0.006420604,0.006078859,0.005220826
79.63,87.33,88.94,81.86,100.00,98.88,100.00,100.00,84.47,100.00,99.01,84.35,100.00,100.00,100.00,82.61,100.00,90.19,100.00,97.89,85.11,87.27,90.49,86.08,100.00,98.57,100.00,100.00,94.54,100.00,98.28,83.07,100.00,100.00,100.00,90.04,100.00,88.98,100.00,97.76,0.006293349,0.005881480,0.006041352,0.006110149,0.005172076,0.005336488,0.005480367,0.005380211,0.005602174,0.005245831,0.006156035,0.007380748,0.005654697,0.005728662,0.005225367,0.006055321,0.005034623,0.005948041,0.005494405,0.005764212
79.63,87.33,88.94,81.86,100.00,98.88,100.00,100.00,84.47,100.00,99.01,84.35,100.00,100.00,100.00,82.61,100.00,90.19,100.00,97.89,85.11,87.27,90.49,86.08,100.00,98.57,100.00,100.00,94.54,100.00,98.28,83.07,100.00,100.00,100.00,90.04,100.00,88.98,100.00,97.76,0.006840785,0.005550909,0.006415855,0.006173497,0.005418625,0.005668316,0.005418694,0.005317909,0.005739208,0.005745075,0.006126142,0.007440952,0.005690666,0.005802975,0.005438600,0.006071036,0.005054040,0.006316187,0.005334602,0.005382166
79.63,87.33,88.94,85.96,100.00,98.88,100.00,100.00,84.47,100.00,99.01,84.35,100.00,100.00,100.00,82.48,100.00,90.19,100.00,97.89,85.11,87.27,90.49,87.96,100.00,98.57,100.00,100.00,94.54,100.00,98.28,83.07,100.00,100.00,100.00,89.34,100.00,88.98,100.00,97.76,0.006246135,0.005887277,0.006464186,0.006066845,0.005049221,0.005608041,0.005548255,0.004973370,0.005608460,0.005634372,0.005628714,0.007291557,0.005806537,0.005715182,0.005180527,0.005626060,0.005287667,0.005911373,0.005600358,0.005574865
79.63,87.33,88.94,85.96,100.00,98.88,100.00,100.00,84.47,100.00,99.01,84.35,100.00,100.00,100.00,82.48,100.00,90.19,100.00,97.89,85.11,87.27,90.49,87.96,100.00,98.57,100.00,100.00,94.54,100.00,98.28,83.07,100.00,100.00,100.00,90.19,100.00,88.98,100.00,97.76,0.006598776,0.006121882,0.006934515,0.005844881,0.005249882,0.005565856,0.005649249,0.005180876,0.005211468,0.005148957,0.005836081,0.007530283,0.005829446,0.005989598,0.005495313,0.006110079,0.004778785,0.005913956,0.005217753,0.005705542
79.63,87.33,91.18,85.96,100.00,98.88,100.00,100.00,84.47,100.00,99.01,84.35,100.00,100.00,100.00,82.86,100.00,90.19,100.00,97.89,85.11,87.27,92.45,87.96,100.00,98.57,100.00,100.00,94.54,100.00,98.28,83.07,100.00,100.00,100.00,89.94,100.00,88.98,100.00,97.76,0.006880107,0.006125934,0.006956725,0.006215542,0.005392154,0.005781044,0.005160062,0.005285921,0.005674043,0.005535683,0.006206114,0.006992415,0.005667129,0.005400815,0.005483091,0.005894470,0.005150913,0.005995255,0.005379721,0.005346406
79.63,87.33,91.18,85.96,100.00,98.88,100.00,100.00,84.47,100.00,99.01,84.35,100.00,100.00,100.00,83.23,100.00,90.19,100.00,97.89,85.11,87.27,92.45,87.96,100.00,98.57,100.00,100.00,94.54,100.00,98.28,83.07,100.00,100.00,100.00,89.08,100.00,88.98,100.00,97.76,0.005756319,0.006121184,0.007046335,0.006836315,0.005448029,0.005439159,0.005601266,0.005025404,0.005424421,0.005774549,0.005443699,0.006987038,0.005519270,0.005176406,0.005199175,0.006000284,0.005014717,0.005858431,0.005572700,0.005644918
79.63,87.33,91.18,85.96,100.00,98.88,100.00,100.00,84.47,100.00,99.01,84.35,100.00,100.00,100.00,83.23,100.00,90.19,100.00,97.89,85.11,87.27,92.45,87.96,100.00,98.57,100.00,100.00,94.54,100.00,98.28,83.07,100.00,100.00,100.00,89.08,100.00,88.89,100.00,97.76,0.006001262,0.005951044,0.006694393,0.006673439,0.005638074,0.005627039,0.005428193,0.004769985,0.005841669,0.005366033,0.005354298,0.007100814,0.006052318,0.005432313,0.005365822,0.006115387,0.005354718,0.005928345,0.005643382,0.005764142
79.63,87.33,91.18,85.96,100.00,98.88,100.00,100.00,84.47,100.00,99.01,84.35,100.00,100.00,100.00,83.23,100.00,90.19,100.00,97.89,85.11,87.27,92.45,87.96,100.00,98.57,100.00,100.00,94.54,100.00,98.28,83.07,100.00,100.00,100.00,89.08,100.00,88.89,100.00,97.76,0.005867581,0.005814290,0.006519014,0.006839248,0.005405214,0.005351295,0.005384820,0.004979237,0.005700864,0.005193308,0.005608879,0.007398347,0.005862761,0.005263082,0.005377835,0.006745937,0.005392433,0.005947412,0.005606853,0.005292836
79.63,87.33,91.18,85.96,100.00,98.88,100.00,100.00,84.47,100.00,99.01,84.35,100.00,100.00,100.00,83.23,100.00,90.19,100.00,97.89,85.11,87.27,92.45,87.96,100.00,98.57,100.00,100.00,94.54,100.00,98.28,83.07,100.00,100.00,100.00,89.08,100.00,88.89,100.00,97.76,0.005721397,0.006222457,0.006041492,0.006282802,0.005585342,0.005536381,0.005353530,0.005330342,0.005534496,0.005429450,0.005460042,0.007423701,0.005722794,0.005180178,0.005381258,0.005689129,0.005377277,0.006108821,0.005546928,0.005652113
79.63,87.33,91.18,85.96,100.00,98.88,100.00,100.00,84.47,100.00,99.01,84.22,100.00,100.00,100.00,83.23,100.00,90.19,100.00,97.89,85.11,87.27,92.45,87.96,100.00,98.57,100.00,100.00,94.54,100.00,98.28,83.04,100.00,100.00,100.00,89.08,100.00,88.89,100.00,97.76,0.005990226,0.005767215,0.006114688,0.006120485,0.005782721,0.005273070,0.005405354,0.005056624,0.005428472,0.005568789,0.005527930,0.007474757,0.005467305,0.005415831,0.005844323,0.005973813,0.005392922,0.005828398,0.005670760,0.005442371
79.63,87.33,91.18,85.96,100.00,98.88,100.00,100.00,84.47,100.00,99.01,84.22,100.00,100.00,100.00,83.23,100.00,90.19,100.00,97.89,85.11,87.27,92.45,87.96,100.00,98.57,100.00,100.00,94.54,100.00,98.28,83.04,100.00,100.00,100.00,89.08,100.00,88.89,100.00,97.76,0.006162811,0.006155127,0.005496780,0.006621475,0.005886299,0.005692413,0.005086517,0.005001028,0.005416250,0.005659167,0.005449914,0.007237497,0.005664754,0.005083584,0.005296817,0.005811635,0.005234795,0.006097576,0.005516405,0.005223970
79.63,87.33,91.18,85.96,100.00,98.88,100.00,100.00,84.47,100.00,99.01,84.22,100.00,100.00,100.00,83.23,100.00,90.19,100.00,97.89,85.11,87.27,92.45,87.96,100.00,98.57,100.00,100.00,94.54,100.00,98.28,83.04,100.00,100.00,100.00,89.08,100.00,88.89,100.00,97.76,0.006237543,0.006133756,0.005867651,0.006495827,0.005964803,0.005217684,0.005185766,0.005127586,0.005274537,0.005596238,0.005580383,0.007366499,0.006082001,0.004982380,0.005044960,0.005804861,0.005082816,0.006040095,0.005455293,0.005793476
79.63,87.33,91.18,85.84,100.00,98.88,100.00,100.00,84.47,100.00,99.01,84.22,100.00,100.00,100.00,83.23,100.00,90.19,100.00,97.89,85.11,87.27,92.45,89.64,100.00,98.57,100.00,100.00,94.54,100.00,98.28,83.04,100.00,100.00,100.00,89.08,100.00,88.89,100.00,97.76,0.006430801,0.005738928,0.005809890,0.006268066,0.006024799,0.005185765,0.005425190,0.005245761,0.005460322,0.005192331,0.005571373,0.007108147,0.005644848,0.005318817,0.005593234,0.005678653,0.005296817,0.006587112,0.005390478,0.005373226
79.63,87.33,91.18,85.84,100.00,98.88,100.00,100.00,84.47,100.00,99.01,84.10,100.00,100.00,100.00,83.23,100.00,90.19,100.00,97.89,85.11,87.27,92.45,89.64,100.00,98.57,100.00,100.00,94.54,100.00,98.28,83.18,100.00,100.00,100.00,89.08,100.00,88.89,100.00,97.76,0.006037022,0.006009084,0.006075716,0.006374717,0.005648690,0.005058021,0.005806537,0.004911837,0.005833288,0.005679421,0.005798295,0.007063517,0.005861365,0.004993974,0.005892864,0.005644499,0.005036718,0.005879873,0.005587786,0.005448447
79.63,87.33,91.18,85.84,100.00,98.88,100.00,100.00,84.47,100.00,99.01,84.10,100.00,100.00,100.00,83.23,100.00,90.19,100.00,97.89,85.11,87.27,92.45,89.64,100.00,98.57,100.00,100.00,94.54,100.00,98.28,83.18,100.00,100.00,100.00,89.08,100.00,88.89,100.00,97.76,0.006136620,0.005825465,0.005907113,0.005939450,0.005552235,0.005213493,0.005644640,0.005003612,0.005515358,0.005118296,0.005540432,0.007007642,0.005276422,0.005281172,0.005930440,0.005589114,0.005146583,0.006154569,0.005385658,0.005640239
79.63,87.33,91.18,85.84,100.00,98.88,100.00,100.00,84.47,100.00,99.01,84.10,100.00,100.00,100.00,83.23,100.00,90.19,100.00,97.89,85.11,87.27,92.45,89.64,100.00,98.57,100.00,100.00,94.54,100.00,98.28,83.18,100.00,100.00,100.00,89.08,100.00,88.89,100.00,97.76,0.006187675,0.005633744,0.005557544,0.006468238,0.005680679,0.004841854,0.005541620,0.004680864,0.005527861,0.005034483,0.005741443,0.006564133,0.005097971,0.005293883,0.005416949,0.005913887,0.005267622,0.006297679,0.005440485,0.005350946
79.63,87.33,91.18,85.84,100.00,98.88,100.00,100.00,84.47,100.00,99.01,84.10,100.00,100.00,100.00,83.23,100.00,89.94,100.00,97.89,85.11,87.27,92.45,89.64,100.00,98.57,100.00,100.00,94.54,100.00,98.28,83.18,100.00,100.00,100.00,89.08,100.00,88.88,100.00,97.76,0.006362913,0.005646944,0.005926949,0.006723307,0.005802137,0.005210560,0.005213912,0.005234167,0.005476525,0.006069569,0.005548534,0.006627971,0.005279286,0.005237729,0.005612232,0.005653789,0.005247437,0.005943361,0.005369804,0.005462067
79.63,87.33,91.18,85.84,100.00,98.88,100.00,100.00,84.47,100.00,99.01,84.10,100.00,100.00,100.00,83.23,100.00,89.94,100.00,97.89,85.11,87.27,92.45,89.64,100.00,98.57,100.00,100.00,94.54,100.00,98.28,83.18,100.00,100.00,100.00,89.08,100.00,88.88,100.00,97.76,0.005978423,0.005709175,0.005626200,0.006763887,0.005530025,0.005196870,0.005579964,0.004649224,0.005437971,0.005957470,0.005619914,0.006882202,0.005265736,0.005204902,0.005614327,0.005652182,0.005254002,0.006183204,0.005532260,0.005408986
79.63,87.33,91.18,85.84,100.00,98.88,100.00,100.00,84.47,100.00,99.01,84.10,100.00,100.00,100.00,83.23,100.00,89.94,100.00,97.89,85.11,87.27,92.45,89.64,100.00,98.57,100.00,100.00,94.54,100.00,98.28,83.18,100.00,100.00,100.00,89.08,100.00,88.88,100.00,97.76,0.006413131,0.005673136,0.005910674,0.006007478,0.005992112,0.004974906,0.005465700,0.005236891,0.005460670,0.005616562,0.005496151,0.007134199,0.005478970,0.005301636,0.005610206,0.005706311,0.005225785,0.005928834,0.005162856,0.005155313
79.63,87.33,91.18,85.84,100.00,98.88,100.00,100.00,84.47,100.00,99.01,84.10,100.00,100.00,100.00,83.98,100.00,89.94,100.00,97.89,85.11,87.27,92.45,89.64,100.00,98.57,100.00,100.00,94.54,100.00,98.28,83.18,100.00,100.00,100.00,90.78,100.00,88.88,100.00,97.76,0.005815268,0.005752408,0.006094294,0.006524951,0.005759952,0.005188908,0.005540153,0.005203576,0.005554122,0.005347314,0.005456200,0.007331228,0.005516126,0.005113966,0.005556496,0.005698349,0.004972951,0.005897474,0.005565925,0.005385588
79.63,87.33,91.18,85.84,100.00,98.88,100.00,100.00,84.47,100.00,99.01,84.10,100.00,100.00,100.00,83.98,100.00,89.94,100.00,97.89,85.11,87.27,92.45,89.64,100.00,98.57,100.00,100.00,94.54,100.00,98.28,83.18,100.00,100.00,100.00,90.78,100.00,88.88,100.00,97.76,0.005866394,0.005551607,0.006028640,0.006373181,0.005651205,0.005475967,0.005687873,0.004884808,0.005523809,0.005783698,0.005231024,0.007293163,0.005652322,0.005326989,0.005458226,0.005753874,0.005160761,0.005925970,0.005250161,0.005664754
79.63,87.33,91.18,85.84,100.00,98.88,100.00,100.00,84.47,100.00,99.01,84.10,100.00,100.00,100.00,83.98,100.00,89.94,100.00,97.89,85.11,87.27,92.45,89.64,100.00,98.57,100.00,100.00,94.54,100.00,98.28,83.18,100.00,100.00,100.00,90.78,100.00,88.88,100.00,97.76,0.006430592,0.005444397,0.006099183,0.006500925,0.005919685,0.004916098,0.005697161,0.004849746,0.005806677,0.005709174,0.005372318,0.006854474,0.005568300,0.005288645,0.005567182,0.005793756,0.005125699,0.005888464,0.005447819,0.005729849
79.63,87.33,91.18,85.84,100.00,98.88,100.00,100.00,84.47,100.00,99.01,84.10,100.00,100.00,100.00,83.98,100.00,89.94,100.00,97.89,85.11,87.27,92.45,89.64,100.00,98.57,100.00,100.00,94.54,100.00,98.28,83.18,100.00,100.00,100.00,90.78,100.00,88.88,100.00,97.76,0.006307178,0.005796689,0.006158900,0.006394832,0.006327642,0.005006616,0.005572770,0.004821739,0.005434828,0.005315325,0.005640169,0.007205719,0.005630810,0.005367289,0.005413247,0.005598821,0.005317840,0.005931837,0.005554541,0.005780694
79.63,87.33,91.18,85.84,100.00,98.88,100.00,100.00,84.47,100.00,99.01,84.10,100.00,100.00,100.00,83.85,100.00,89.94,100.00,97.89,85.11,87.27,92.45,89.64,100.00,98.57,100.00,100.00,94.54,100.00,98.28,83.18,100.00,100.00,100.00,90.69,100.00,88.88,100.00,97.76,0.006146048,0.005446771,0.005892654,0.006122790,0.006227207,0.005511168,0.005125770,0.005322729,0.005363238,0.005517593,0.005377557,0.006989343,0.005690666,0.005824556,0.005750312,0.006160086,0.005078835,0.006105818,0.005614606,0.005491891
79.63,87.33,91.18,85.84,100.00,98.88,100.00,100.00,84.47,100.00,99.01,84.10,100.00,100.00,100.00,83.85,100.00,89.94,100.00,97.89,85.11,87.27,92.45,89.64,100.00,98.57,100.00,100.00,94.54,100.00,98.28,83.18,100.00,100.00,100.00,90.69,100.00,88.88,100.00,97.76,0.006431570,0.005343193,0.005567392,0.006158271,0.006219454,0.005100835,0.005665174,0.005215100,0.006107494,0.005526393,0.005490005,0.006550654,0.005184578,0.005177314,0.005542806,0.005732293,0.005215309,0.005784047,0.005486024,0.005764841
79.63,87.33,91.18,85.84,100.00,98.88,100.00,100.00,84.47,100.00,99.01,84.10,100.00,100.00,100.00,83.98,100.00,89.94,100.00,97.89,85.11,87.27,92.45,89.64,100.00,98.57,100.00,100.00,94.54,100.00,98.28,83.18,100.00,100.00,100.00,90.94,100.00,88.88,100.00,97.76,0.006301939,0.005484627,0.006321007,0.005874007,0.006065309,0.005015486,0.005412129,0.005062142,0.006121253,0.005623756,0.005428542,0.006999400,0.005286340,0.005167676,0.005127585,0.005834474,0.005057392,0.005965571,0.005820994,0.005321612
79.63,87.33,91.18,85.84,100.00,98.88,100.00,100.00,84.47,100.00,99.01,84.10,100.00,100.00,100.00,85.84,100.00,89.94,100.00,97.89,85.11,87.27,92.45,89.64,100.00,98.57,100.00,100.00,94.54,100.00,98.28,83.18,100.00,100.00,100.00,90.76,100.00,88.88,100.00,97.76,0.006638237,0.005827909,0.006101278,0.006054972,0.005562573,0.005590301,0.005746471,0.005255469,0.005599800,0.005282149,0.005582618,0.006577543,0.005158107,0.005331110,0.005393690,0.006344963,0.005097902,0.006114967,0.005557893,0.005801299
79.63,87.33,91.18,85.84,100.00,98.88,100.00,100.00,84.47,100.00,99.01,84.10,100.00,100.00,100.00,84.60,100.00,89.94,100.00,97.89,85.11,87.27,92.45,89.64,100.00,98.57,100.00,100.00,94.54,100.00,98.28,83.18,100.00,100.00,100.00,90.81,100.00,88.88,100.00,97.76,0.006358094,0.005230535,0.006247531,0.006111266,0.005272162,0.005276422,0.005599870,0.005305966,0.006324359,0.005468912,0.005661821,0.007028874,0.005666640,0.005323078,0.005803324,0.006150937,0.005529118,0.006545834,0.005443838,0.005543855
79.63,87.33,91.18,85.84,100.00,98.88,100.00,100.00,84.47,100.00,99.01,84.10,100.00,100.00,100.00,84.60,100.00,89.94,100.00,97.89,85.11,87.27,92.45,89.64,100.00,98.57,100.00,100.00,94.54,100.00,98.28,83.18,100.00,100.00,100.00,90.81,100.00,88.88,100.00,97.76,0.006753689,0.005322729,0.006271837,0.006325268,0.005453756,0.005193238,0.005325942,0.005133103,0.005718255,0.005447750,0.005355905,0.006970554,0.005314977,0.005123325,0.005524438,0.005838386,0.005129471,0.005988759,0.005624035,0.005421208
79.63,87.33,91.18,85.84,100.00,98.88,100.00,100.00,84.47,100.00,99.01,84.10,100.00,100.00,100.00,84.60,100.00,89.94,100.00,97.89,85.11,87.27,92.45,89.64,100.00,98.57,100.00,100.00,94.54,100.00,98.28,83.18,100.00,100.00,100.00,90.81,100.00,88.88,100.00,97.76,0.006505325,0.005649947,0.005949787,0.006452662,0.005201550,0.005013530,0.005342774,0.005218661,0.005679700,0.005230046,0.005679631,0.007178340,0.005814289,0.005322659,0.005625152,0.005945875,0.004990692,0.005528629,0.005526393,0.005062630
79.63,87.33,93.04,85.84,100.00,98.88,100.00,100.00,84.47,100.00,99.01,84.10,100.00,100.00,100.00,84.60,100.00,89.94,100.00,97.89,85.11,87.27,94.54,89.64,100.00,98.57,100.00,100.00,94.54,100.00,98.28,83.18,100.00,100.00,100.00,90.81,100.00,88.88,100.00,97.76,0.006159109,0.005515848,0.005821414,0.006310949,0.005450683,0.005305617,0.005416250,0.005062561,0.005650226,0.005300449,0.005470519,0.007953118,0.005360584,0.005378743,0.005623406,0.005687733,0.004898497,0.005961241,0.005299820,0.005254002
79.63,87.33,93.04,85.84,100.00,98.88,100.00,100.00,84.10,100.00,99.01,84.10,100.00,100.00,100.00,84.60,100.00,89.94,100.00,97.89,85.11,87.27,94.54,89.64,100.00,98.57,100.00,100.00,94.51,100.00,98.28,83.18,100.00,100.00,100.00,90.81,100.00,88.88,100.00,97.76,0.006485140,0.005811007,0.005820646,0.006457832,0.005275375,0.005105584,0.005162018,0.005309040,0.005412758,0.005457737,0.006026335,0.007108147,0.005561106,0.005490983,0.005743887,0.005902572,0.005176546,0.006059511,0.005552794,0.005397532
79.63,87.33,93.04,85.84,100.00,98.88,100.00,100.00,84.10,100.00,99.01,84.10,100.00,100.00,100.00,84.60,100.00,89.94,100.00,97.89,85.11,87.27,94.54,89.64,100.00,98.57,100.00,100.00,94.51,100.00,98.28,83.18,100.00,100.00,100.00,90.81,100.00,88.88,100.00,97.76,0.006173707,0.005514241,0.005342634,0.006145699,0.005490354,0.005032458,0.005005498,0.005228719,0.005753386,0.005372737,0.005532330,0.006449171,0.005077716,0.005038185,0.005517313,0.005759742,0.005616422,0.005931139,0.005365193,0.005909766
79.63,87.33,93.04,85.84,100.00,98.88,100.00,100.00,84.22,100.00,99.01,84.10,100.00,100.00,100.00,84.60,100.00,89.94,100.00,97.89,85.11,87.27,94.54,89.64,100.00,98.57,100.00,100.00,94.92,100.00,98.31,83.18,100.00,100.00,100.00,90.81,100.00,88.88,100.00,97.76,0.006100580,0.005549792,0.005512983,0.006179783,0.005479179,0.005183669,0.005629134,0.005641776,0.005988969,0.005214401,0.005621242,0.006949461,0.005714902,0.005147491,0.005806537,0.005654627,0.005181924,0.005585970,0.005258542,0.005337396
79.63,87.33,93.04,85.84,100.00,98.88,100.00,100.00,84.72,100.00,99.01,84.10,100.00,100.00,100.00,84.60,100.00,89.94,100.00,97.89,85.11,87.27,94.54,89.64,100.00,98.57,100.00,100.00,94.81,100.00,98.31,83.18,100.00,100.00,100.00,90.81,100.00,88.88,100.00,97.76,0.006497083,0.005838176,0.005506349,0.006194520,0.005586459,0.005381188,0.005177664,0.005288296,0.006033949,0.004955071,0.005342635,0.006961685,0.005510609,0.005395576,0.005877080,0.006388825,0.005172215,0.005723841,0.005687034,0.005724051
79.63,87.33,93.04,85.84,100.00,98.88,100.00,100.00,84.72,100.00,99.13,84.10,100.00,100.00,100.00,84.60,100.00,89.94,100.00,97.89,85.11,87.27,94.54,89.64,100.00,98.57,100.00,100.00,94.81,100.00,98.47,83.18,100.00,100.00,100.00,90.81,100.00,88.88,100.00,97.76,0.005903481,0.005972137,0.005774339,0.005945736,0.005259102,0.005039093,0.005256447,0.005384890,0.005995884,0.004983986,0.006247251,0.007084679,0.005534565,0.005304080,0.005586040,0.005894400,0.005420231,0.005689549,0.006028920,0.005886508
79.63,87.33,93.04,85.84,100.00,98.88,100.00,100.00,84.72,100.00,99.13,84.10,100.00,100.00,100.00,84.35,100.00,89.94,100.00,97.89,85.11,87.27,94.54,89.64,100.00,98.57,100.00,100.00,94.81,100.00,98.47,83.18,100.00,100.00,100.00,91.02,100.00,88.88,100.00,97.76,0.005940428,0.006134384,0.005784606,0.006301381,0.005849980,0.005169213,0.005802067,0.005000819,0.005917380,0.004820622,0.005803883,0.006910768,0.005856965,0.005520317,0.005991414,0.005619495,0.005267203,0.006074179,0.006037650,0.005602314
79.63,87.33,93.04,85.84,100.00,98.88,100.00,100.00,84.72,100.00,99.13,84.10,100.00,100.00,100.00,84.35,100.00,89.94,100.00,97.89,85.11,87.27,94.54,89.64,100.00,98.57,100.00,100.00,94.82,100.00,98.47,83.18,100.00,100.00,100.00,91.02,100.00,88.88,100.00,97.76,0.005792638,0.007305107,0.005489027,0.006035346,0.005152869,0.005198477,0.005573818,0.005209233,0.005788447,0.005232979,0.005659935,0.007013508,0.005347454,0.005324196,0.005844881,0.006258846,0.004812939,0.005707149,0.005256447,0.005654627
79.63,87.33,93.04,85.84,100.00,98.88,100.00,100.00,84.72,100.00,99.13,84.10,100.00,100.00,100.00,84.35,100.00,89.94,100.00,97.89,85.11,87.27,94.54,89.64,100.00,98.57,100.00,100.00,94.82,100.00,98.47,83.18,100.00,100.00,100.00,91.02,100.00,88.88,100.00,97.76,0.006093665,0.006689433,0.005480297,0.005802976,0.005239056,0.005114664,0.005706381,0.005217335,0.006167001,0.005229138,0.005468493,0.007312580,0.005447749,0.004860083,0.006381003,0.005685218,0.005181225,0.005795711,0.005504672,0.005492309
79.63,87.33,93.04,85.84,100.00,98.88,100.00,100.00,84.72,100.00,99.13,84.10,100.00,100.00,100.00,84.35,100.00,89.94,100.00,97.89,85.11,87.27,94.54,89.64,100.00,98.57,100.00,100.00,94.82,100.00,98.47,83.18,100.00,100.00,100.00,91.02,100.00,88.88,100.00,97.76,0.006062026,0.007614655,0.005661751,0.006086821,0.005561175,0.005237589,0.005375950,0.005078974,0.005397532,0.005085399,0.005776783,0.007227929,0.005206369,0.005535194,0.005731525,0.005607412,0.005136595,0.005978562,0.005604409,0.005406471
79.63,87.33,93.04,85.84,100.00,98.88,100.00,100.00,84.72,100.00,99.13,84.10,100.00,100.00,100.00,84.35,100.00,89.94,100.00,97.89,84.99,87.27,94.54,89.64,100.00,98.57,100.00,100.00,94.82,100.00,98.47,83.18,100.00,100.00,100.00,91.02,100.00,88.88,100.00,97.76,0.006185650,0.006381771,0.005558033,0.005729150,0.005534007,0.005014019,0.005756809,0.005051595,0.005749265,0.005174729,0.005350248,0.006864742,0.005574027,0.005329295,0.005085260,0.005586459,0.005380838,0.005869117,0.005361493,0.005670202
79.63,87.33,93.04,85.84,100.00,98.88,100.00,100.00,84.72,100.00,99.13,84.10,100.00,100.00,100.00,84.35,100.00,89.94,100.00,97.89,84.99,87.27,94.54,89.64,100.00,98.57,100.00,100.00,94.82,100.00,98.47,83.18,100.00,100.00,100.00,91.02,100.00,88.88,100.00,97.76,0.005989947,0.005967527,0.005333205,0.006155966,0.005092105,0.004932791,0.005549722,0.005033017,0.005735785,0.004924968,0.005388242,0.006719117,0.005362051,0.005775806,0.005429450,0.005463813,0.005094200,0.005438879,0.005900756,0.005475897
79.63,87.33,93.04,85.84,100.00,98.88,100.00,100.00,84.72,100.00,99.13,84.10,100.00,100.00,100.00,84.35,100.00,89.94,100.00,97.89,84.99,87.27,94.54,89.64,100.00,98.57,100.00,100.00,94.82,100.00,98.47,83.18,100.00,100.00,100.00,91.02,100.00,88.88,100.00,97.76,0.006186069,0.005762326,0.005352203,0.006224972,0.005288296,0.005078555,0.005180666,0.004829981,0.005538756,0.004854845,0.005257215,0.006721212,0.005552515,0.005277330,0.005213493,0.005411849,0.005313998,0.005459343,0.005606853,0.005475128
79.63,87.33,93.04,85.84,100.00,98.88,100.00,100.00,84.72,100.00,99.13,84.10,100.00,100.00,100.00,83.60,100.00,89.94,100.00,97.89,84.99,87.27,94.54,89.64,100.00,98.57,100.00,100.00,94.82,100.00,98.47,83.18,100.00,100.00,100.00,90.84,100.00,88.88,100.00,97.76,0.006319959,0.005849351,0.005623337,0.005812474,0.005577030,0.005045239,0.005404167,0.005221525,0.005665523,0.005096295,0.005613977,0.007119531,0.005305478,0.005143859,0.005121369,0.005538755,0.005182133,0.005730128,0.005804512,0.005319097
79.63,87.33,93.42,85.84,100.00,98.88,100.00,100.00,84.72,100.00,99.25,84.10,100.00,100.00,100.00,83.73,100.00,89.94,100.00,97.89,84.99,87.27,94.51,89.64,100.00,98.57,100.00,100.00,94.82,100.00,98.66,83.18,100.00,100.00,100.00,90.90,100.00,88.88,100.00,97.76,0.006085075,0.006423538,0.005693809,0.006159667,0.005178571,0.005262802,0.005056205,0.005218173,0.005756808,0.005099228,0.005315465,0.006530399,0.005679840,0.005343612,0.005353251,0.005754085,0.005211118,0.005723632,0.005446632,0.005397810
79.63,87.33,93.42,85.84,100.00,98.88,100.00,100.00,84.72,100.00,99.25,84.10,100.00,100.00,100.00,83.48,100.00,89.94,100.00,97.89,84.99,87.27,94.51,89.64,100.00,98.57,100.00,100.00,94.82,100.00,98.66,83.18,100.00,100.00,100.00,90.90,100.00,88.88,100.00,97.76,0.006265271,0.006041282,0.005483998,0.006291533,0.005513403,0.005302195,0.005727055,0.005305337,0.005394948,0.005093222,0.005571653,0.007072178,0.005595609,0.005161529,0.005042445,0.005145046,0.005436155,0.006055810,0.005599380,0.005340678
79.63,87.33,93.42,85.84,100.00,98.88,100.00,100.00,84.72,100.00,99.25,84.10,100.00,100.00,100.00,83.48,100.00,89.94,100.00,97.89,84.99,87.27,94.51,89.64,100.00,98.57,100.00,100.00,94.82,100.00,98.66,83.18,100.00,100.00,100.00,90.90,100.00,88.88,100.00,97.76,0.006049036,0.005651414,0.005540711,0.006152893,0.005320564,0.004952208,0.005481065,0.005248974,0.005624874,0.005146723,0.005406123,0.007839552,0.005883016,0.005487211,0.005376997,0.005792568,0.005331948,0.005655745,0.005896007,0.005554261
79.63,87.33,93.42,85.84,100.00,98.88,100.00,100.00,84.72,100.00,99.25,84.10,100.00,100.00,100.00,83.23,100.00,89.94,100.00,97.89,84.99,87.27,94.51,89.64,100.00,98.57,100.00,100.00,94.82,100.00,98.66,83.18,100.00,100.00,100.00,91.15,100.00,88.88,100.00,97.76,0.005977655,0.006098555,0.005698907,0.005984360,0.005091685,0.005145326,0.005630112,0.005078764,0.005784048,0.005235703,0.005471705,0.007141043,0.005130798,0.005580383,0.005306665,0.005836220,0.006065798,0.005425818,0.005573957,0.005431755
79.63,87.33,93.42,85.84,100.00,98.88,100.00,100.00,84.72,100.00,99.25,84.10,100.00,100.00,100.00,83.23,100.00,89.94,100.00,97.89,84.99,87.27,94.51,89.64,100.00,98.57,100.00,100.00,94.82,100.00,98.66,83.18,100.00,100.00,100.00,91.15,100.00,88.88,100.00,97.76,0.006302428,0.005674742,0.005541619,0.006101139,0.005113337,0.005053551,0.005797039,0.004966665,0.005779997,0.005211607,0.005698489,0.006961055,0.005560617,0.005324475,0.005386007,0.005013111,0.005538546,0.005972277,0.005391036,0.005426726
79.63,87.33,93.42,85.84,100.00,98.88,100.00,100.00,84.72,100.00,99.25,84.10,100.00,100.00,100.00,83.23,100.00,90.31,100.00,97.89,84.99,87.27,94.51,89.64,100.00,98.57,100.00,100.00,94.82,100.00,98.66,83.18,100.00,100.00,100.00,91.15,100.00,89.08,100.00,97.76,0.006256751,0.005760371,0.005345568,0.005905226,0.005209442,0.005340749,0.005297864,0.005051106,0.005609019,0.005219150,0.005125700,0.007059885,0.005299331,0.005572839,0.005061512,0.005879385,0.005525416,0.005869606,0.005786143,0.005232840
79.63,87.33,93.42,85.84,100.00,98.88,100.00,100.00,84.72,100.00,99.25,84.10,100.00,100.00,100.00,83.23,100.00,90.31,100.00,97.89,84.99,87.27,94.51,89.64,100.00,98.57,100.00,100.00,94.82,100.00,98.66,83.18,100.00,100.00,100.00,91.15,100.00,89.08,100.00,97.76,0.005807935,0.006028362,0.005590441,0.005960333,0.005048872,0.005159993,0.005648341,0.005205391,0.005966060,0.005211189,0.005481134,0.007008899,0.005438391,0.005660912,0.005119413,0.005510469,0.005586529,0.005773292,0.005580173,0.005335440
79.63,87.33,93.42,85.84,100.00,98.88,100.00,100.00,84.72,100.00,99.25,84.10,100.00,100.00,100.00,83.23,100.00,90.31,100.00,97.89,84.99,87.27,94.51,89.64,100.00,98.57,100.00,100.00,94.82,100.00,98.66,83.18,100.00,100.00,100.00,91.15,100.00,89.08,100.00,97.76,0.005916820,0.006446167,0.005345568,0.006024031,0.004922104,0.005078276,0.005408567,0.005114105,0.005688502,0.005147002,0.005899429,0.006687757,0.005433710,0.005586529,0.005254910,0.005749126,0.005982613,0.005922129,0.005319376,0.005285991
79.63,87.33,93.42,85.84,100.00,98.88,100.00,100.00,84.72,100.00,99.25,84.10,100.00,100.00,100.00,83.23,100.00,90.31,100.00,97.89,84.99,87.27,94.51,89.64,100.00,98.57,100.00,100.00,94.82,100.00,98.66,83.18,100.00,100.00,100.00,91.15,100.00,89.08,100.00,97.76,0.006160157,0.006121463,0.005529327,0.006367663,0.004779623,0.005220407,0.005446283,0.004941242,0.005615095,0.004641193,0.005484557,0.006769753,0.005654836,0.005189606,0.005176266,0.005660144,0.005454804,0.005570674,0.005167326,0.005455711
79.63,87.33,93.42,85.84,100.00,98.88,100.00,100.00,84.72,100.00,99.25,84.10,100.00,100.00,100.00,83.23,100.00,90.31,100.00,97.89,84.99,87.27,94.51,89.64,100.00,98.57,100.00,100.00,95.05,100.00,98.66,83.18,100.00,100.00,100.00,91.15,100.00,89.08,100.00,97.76,0.006145419,0.005973255,0.005679002,0.006375205,0.005058859,0.005036858,0.005239824,0.005313580,0.005857453,0.005169212,0.005204762,0.007174498,0.005484208,0.005241081,0.005095806,0.005414434,0.005768822,0.005728032,0.005296537,0.005278727
79.63,87.33,93.42,85.84,100.00,98.88,100.00,100.00,84.72,100.00,99.25,84.10,100.00,100.00,100.00,83.23,100.00,90.31,100.00,97.89,84.99,87.27,94.51,89.64,100.00,98.57,100.00,100.00,95.05,100.00,98.66,83.18,100.00,100.00,100.00,91.15,100.00,89.08,100.00,97.76,0.005930720,0.006602477,0.005433711,0.006113222,0.004882573,0.005166279,0.005788308,0.005242967,0.005491402,0.005284873,0.005567392,0.006672740,0.005356534,0.005479319,0.005811706,0.005483160,0.005670551,0.005708197,0.005337955,0.005023728
79.63,87.33,93.42,85.84,100.00,98.88,100.00,100.00,84.72,100.00,99.25,84.10,100.00,100.00,100.00,83.23,100.00,90.31,100.00,97.89,84.99,87.27,94.51,89.64,100.00,98.57,100.00,100.00,95.05,100.00,98.66,83.18,100.00,100.00,100.00,91.15,100.00,89.08,100.00,97.76,0.005816385,0.006545834,0.005320843,0.006441278,0.004851074,0.005299820,0.005627947,0.005184997,0.005508723,0.004857709,0.005228719,0.006827235,0.005567461,0.005686755,0.006086331,0.005334183,0.005293603,0.005639121,0.005563830,0.005027289
79.63,87.33,93.42,85.84,100.00,98.88,100.00,100.00,84.72,100.00,99.25,84.10,100.00,100.00,100.00,83.23,100.00,90.31,100.00,97.89,84.99,87.27,94.51,89.64,100.00,98.57,100.00,100.00,95.05,100.00,98.66,83.18,100.00,100.00,100.00,91.15,100.00,89.08,100.00,97.76,0.005985826,0.008059350,0.005773431,0.006330086,0.004879221,0.005108517,0.005327199,0.005655116,0.005393550,0.005142253,0.005071850,0.006807260,0.005390896,0.005478830,0.005837408,0.005328456,0.005476595,0.005696254,0.005707569,0.005507536
79.63,87.33,93.66,85.84,100.00,98.88,100.00,100.00,84.72,100.00,99.25,84.10,100.00,100.00,100.00,83.23,100.00,90.31,100.00,97.89,84.99,87.27,94.71,89.64,100.00,98.57,100.00,100.00,95.05,100.00,98.66,83.18,100.00,100.00,100.00,91.15,100.00,89.08,100.00,97.76,0.006089964,0.006101068,0.005858152,0.006426890,0.005238707,0.005222084,0.005915842,0.005132055,0.005434619,0.005449565,0.005335091,0.007332206,0.005407030,0.005725867,0.005270276,0.005285502,0.005225436,0.005741303,0.005678303,0.005308341
79.63,87.33,93.66,85.84,100.00,98.88,100.00,100.00,84.72,100.00,99.25,81.86,100.00,100.00,100.00,83.23,100.00,90.31,100.00,97.89,84.99,87.27,94.71,89.64,100.00,98.57,100.00,100.00,95.05,100.00,98.66,83.32,100.00,100.00,100.00,91.15,100.00,89.08,100.00,97.76,0.005776365,0.005697232,0.005641217,0.006850842,0.005619496,0.004965338,0.005955934,0.006209397,0.005321612,0.004988177,0.005496919,0.006638797,0.005283546,0.005191073,0.005387613,0.005495872,0.005379023,0.005448168,0.005625082,0.005300448
79.63,87.33,93.66,85.84,100.00,98.88,100.00,100.00,84.72,100.00,99.25,81.86,100.00,100.00,100.00,83.23,100.00,90.31,100.00,97.89,84.99,87.27,94.71,89.64,100.00,98.57,100.00,100.00,95.05,100.00,98.66,83.32,100.00,100.00,100.00,91.15,100.00,89.08,100.00,97.76,0.005941266,0.005694158,0.005755411,0.006623920,0.005437552,0.005258333,0.005691365,0.005896496,0.005553213,0.005324894,0.005426587,0.007178409,0.005390128,0.005260289,0.005298703,0.005297795,0.005428403,0.005712318,0.005709943,0.005261126
79.63,88.32,93.66,85.84,100.00,98.88,100.00,100.00,84.72,100.00,99.25,81.86,100.00,100.00,100.00,83.23,100.00,90.31,100.00,97.89,84.99,88.37,94.71,89.64,100.00,98.57,100.00,100.00,95.05,100.00,98.66,83.32,100.00,100.00,100.00,91.15,100.00,89.08,100.00,97.76,0.006062026,0.005527301,0.005436505,0.006409848,0.005339422,0.005305966,0.005233468,0.005475548,0.005553144,0.005159783,0.005619984,0.006829819,0.005347384,0.005643522,0.005541060,0.005536870,0.005506348,0.005600637,0.005398719,0.005395925
79.63,87.95,93.66,85.84,100.00,98.88,100.00,100.00,84.72,100.00,99.25,82.86,100.00,100.00,100.00,83.23,100.00,90.31,100.00,97.89,84.99,88.20,94.71,89.64,100.00,98.57,100.00,100.00,95.05,100.00,98.66,83.82,100.00,100.00,100.00,91.15,100.00,89.08,100.00,97.76,0.005883505,0.005720210,0.005840621,0.006405867,0.005314068,0.005184788,0.005453127,0.005960683,0.005667339,0.005156221,0.005256377,0.006943316,0.006031993,0.005377137,0.005531771,0.005415551,0.005254980,0.005305478,0.005532609,0.005496220
79.63,87.95,93.66,85.84,100.00,98.88,100.00,100.00,84.72,100.00,99.25,82.86,100.00,100.00,100.00,83.23,100.00,90.31,100.00,97.89,84.99,88.20,94.71,89.64,100.00,98.57,100.00,100.00,95.05,100.00,98.66,83.82,100.00,100.00,100.00,91.15,100.00,89.08,100.00,97.76,0.005953698,0.006282523,0.005748566,0.006225181,0.005581221,0.005551817,0.005337815,0.006018793,0.005625083,0.005282080,0.005029664,0.006614141,0.006037161,0.004868185,0.005377557,0.005464721,0.005414503,0.005702958,0.005344031,0.005694577
79.63,88.32,93.66,85.84,100.00,98.88,100.00,100.00,84.72,100.00,99.25,82.86,100.00,100.00,100.00,83.23,100.00,90.31,100.00,97.89,84.99,88.73,94.71,89.64,100.00,98.57,100.00,100.00,95.05,100.00,98.66,83.82,100.00,100.00,100.00,91.15,100.00,89.08,100.00,97.76,0.005920593,0.006296702,0.005549512,0.006546254,0.005375601,0.005103489,0.005377137,0.006267646,0.005768123,0.005365683,0.005284874,0.007014347,0.005135966,0.005348501,0.005844602,0.005197709,0.005076879,0.005454314,0.005608320,0.005218662
79.63,88.32,93.66,85.84,100.00,98.88,100.00,100.00,84.72,100.00,99.25,82.86,100.00,100.00,100.00,83.23,100.00,90.31,100.00,97.89,84.99,88.73,94.71,89.64,100.00,98.57,100.00,100.00,95.05,100.00,98.66,83.82,100.00,100.00,100.00,91.15,100.00,89.08,100.00,97.76,0.005750383,0.005845929,0.005299191,0.006185929,0.005754783,0.005303941,0.005375671,0.005871911,0.005755271,0.005029524,0.005388731,0.007086565,0.005119134,0.005375741,0.005409754,0.005396204,0.005000539,0.005499364,0.005770847,0.005310995
79.63,88.32,93.66,85.84,100.00,98.88,100.00,100.00,84.72,100.00,99.25,82.86,100.00,100.00,100.00,83.23,100.00,90.31,100.00,97.89,84.99,88.73,94.71,89.64,100.00,98.57,100.00,100.00,95.05,100.00,98.66,83.82,100.00,100.00,100.00,91.15,100.00,89.08,100.00,97.76,0.005956073,0.006127959,0.005531632,0.006516988,0.005815268,0.004984056,0.005461020,0.005621800,0.005631020,0.005071151,0.005260009,0.007170378,0.005407589,0.005715810,0.005545880,0.005001656,0.005296957,0.005688990,0.005245830,0.005448797
79.63,88.32,94.16,85.84,100.00,98.88,100.00,100.00,84.72,100.00,99.25,82.86,100.00,100.00,100.00,83.23,100.00,90.31,100.00,97.89,84.99,88.73,95.53,89.64,100.00,98.57,100.00,100.00,95.05,100.00,98.66,83.82,100.00,100.00,100.00,91.15,100.00,89.08,100.00,97.76,0.005927786,0.006050502,0.005792359,0.006173776,0.005698139,0.005144418,0.005574586,0.005704635,0.005411360,0.005080930,0.005226763,0.006844207,0.004767610,0.005583386,0.006017605,0.005055925,0.005530933,0.005665732,0.005594491,0.005500411
79.63,88.32,94.16,85.84,100.00,98.88,100.00,100.00,84.72,100.00,99.25,82.86,100.00,100.00,100.00,83.23,100.00,90.31,100.00,97.89,84.99,88.73,95.53,89.64,100.00,98.57,100.00,100.00,95.05,100.00,98.66,83.82,100.00,100.00,100.00,91.15,100.00,89.08,100.00,97.76,0.005655745,0.005802207,0.005658958,0.006207022,0.005144138,0.005490424,0.005687383,0.005469610,0.005653719,0.005701282,0.005127585,0.006719816,0.005148399,0.005287318,0.005642544,0.005693181,0.005264479,0.005664685,0.005433571,0.005267832
79.63,88.32,94.16,85.84,100.00,98.88,100.00,100.00,84.72,100.00,99.25,82.86,100.00,100.00,100.00,83.23,100.00,90.31,100.00,97.89,84.99,88.73,95.53,89.64,100.00,98.57,100.00,100.00,95.05,100.00,98.66,83.82,100.00,100.00,100.00,91.15,100.00,89.08,100.00,97.76,0.006060490,0.006150239,0.005377487,0.006342868,0.005574027,0.005483370,0.005788588,0.005207347,0.005663009,0.004774176,0.004953883,0.006534310,0.005545391,0.005377905,0.005764281,0.005630111,0.005433361,0.005743887,0.005315046,0.005428961
79.63,88.32,94.16,85.84,100.00,98.88,100.00,100.00,84.72,100.00,99.25,82.86,100.00,100.00,100.00,83.23,100.00,90.31,100.00,97.89,84.99,88.73,95.53,89.64,100.00,98.57,100.00,100.00,95.05,100.00,98.66,83.82,100.00,100.00,100.00,91.15,100.00,89.08,100.00,97.76,0.006078370,0.005726008,0.005686405,0.006128378,0.005451731,0.005003682,0.006016627,0.005557335,0.005540222,0.005289134,0.004877195,0.006933468,0.005335999,0.005585831,0.005787889,0.005600148,0.005506348,0.005564528,0.005868558,0.005326291
79.63,88.32,94.16,85.84,100.00,98.88,100.00,100.00,84.72,100.00,99.25,82.86,100.00,100.00,100.00,83.23,100.00,90.31,100.00,97.89,84.99,88.73,95.53,89.64,100.00,98.57,100.00,100.00,95.05,100.00,98.66,83.82,100.00,100.00,100.00,91.15,100.00,89.08,100.00,97.76,0.005730826,0.006289787,0.005401862,0.006198920,0.005677536,0.005159992,0.005900128,0.005623267,0.005367220,0.005413386,0.004845835,0.006772548,0.005917589,0.005442650,0.005381677,0.005680888,0.006076204,0.006142066,0.006145978,0.004942150
79.63,88.32,94.16,85.84,100.00,98.88,100.00,100.00,84.72,100.00,99.25,82.86,100.00,100.00,100.00,83.23,100.00,90.31,100.00,97.89,84.99,88.73,95.53,89.64,100.00,98.57,100.00,100.00,95.05,100.00,98.66,83.82,100.00,100.00,100.00,91.15,100.00,89.08,100.00,97.76,0.006061956,0.005632556,0.005033226,0.006406356,0.005982335,0.004881316,0.005880990,0.004899964,0.005821484,0.005260638,0.004957166,0.006713529,0.006107215,0.005980588,0.005889302,0.005869536,0.005943920,0.005685917,0.005481763,0.005351714
79.63,88.32,94.16,85.84,100.00,98.88,100.00,100.00,84.72,100.00,99.25,82.86,100.00,100.00,100.00,83.23,100.00,90.31,100.00,97.89,84.99,88.73,95.53,89.64,100.00,98.57,100.00,100.00,95.05,100.00,98.66,83.82,100.00,100.00,100.00,91.15,100.00,89.08,100.00,97.76,0.005739208,0.006020260,0.005270136,0.005917310,0.005260707,0.005087006,0.005720699,0.005408078,0.005532610,0.005639261,0.004944385,0.006679305,0.005549442,0.005836150,0.005483440,0.005323986,0.005845090,0.005952371,0.005596726,0.005205949
79.63,88.32,94.16,85.84,100.00,98.88,100.00,100.00,84.72,100.00,99.25,82.86,100.00,100.00,100.00,83.23,100.00,90.31,100.00,97.89,84.99,88.73,95.53,89.64,100.00,98.57,100.00,100.00,95.05,100.00,98.66,83.82,100.00,100.00,100.00,91.15,100.00,89.08,100.00,97.76,0.005849212,0.005293185,0.005324964,0.006671344,0.005223551,0.005385729,0.006071175,0.005386078,0.005620264,0.005163415,0.004865951,0.006611557,0.006217288,0.005632067,0.005358699,0.005576751,0.005593095,0.005759253,0.005692482,0.005104047
79.63,88.32,94.16,85.84,100.00,98.88,100.00,100.00,84.72,100.00,99.25,82.86,100.00,100.00,100.00,83.23,100.00,90.31,100.00,97.89,84.99,88.73,95.53,89.64,100.00,98.57,100.00,100.00,95.05,100.00,98.66,83.82,100.00,100.00,100.00,91.15,100.00,89.08,100.00,97.76,0.005906484,0.005656932,0.005622708,0.006288390,0.005460741,0.005047614,0.005894051,0.005233748,0.005508164,0.004970995,0.004772918,0.006938496,0.005349967,0.005044332,0.005497478,0.005185276,0.005546089,0.006015650,0.005854380,0.004928600
79.63,88.32,94.16,85.84,100.00,98.88,100.00,100.00,84.72,100.00,99.25,82.86,100.00,100.00,100.00,83.23,100.00,90.31,100.00,97.89,84.99,88.73,95.53,89.64,100.00,98.57,100.00,100.00,95.05,100.00,98.66,83.82,100.00,100.00,100.00,91.15,100.00,89.08,100.00,97.76,0.006049733,0.005655185,0.005459483,0.005936517,0.005428123,0.004813917,0.005844253,0.005206927,0.005397811,0.005444327,0.005383842,0.006252769,0.005455852,0.005207626,0.005584224,0.005633953,0.005449774,0.005491890,0.006225460,0.004994672
79.63,88.32,94.16,85.84,100.00,98.88,100.00,100.00,84.72,100.00,99.25,82.86,100.00,100.00,100.00,83.23,100.00,90.31,100.00,97.89,84.99,88.73,95.53,89.64,100.00,98.57,100.00,100.00,95.05,100.00,98.66,83.82,100.00,100.00,100.00,91.15,100.00,89.08,100.00,97.76,0.006303826,0.005625991,0.005665452,0.006051200,0.005683961,0.005431755,0.005205811,0.005336418,0.005595958,0.005067031,0.005448867,0.006912444,0.005411431,0.005347453,0.005117248,0.005492240,0.005388801,0.005799064,0.005645897,0.004797154
79.63,88.32,94.16,85.84,100.00,98.88,100.00,100.00,84.72,100.00,99.25,82.86,100.00,100.00,100.00,83.23,100.00,90.31,100.00,97.89,84.99,88.73,95.53,89.64,100.00,98.57,100.00,100.00,95.05,100.00,98.66,83.82,100.00,100.00,100.00,91.15,100.00,89.08,100.00,97.76,0.006101558,0.005406821,0.005723493,0.005918357,0.005376299,0.005321122,0.005417577,0.005374414,0.005620822,0.005040630,0.005362540,0.006678956,0.005601755,0.005520317,0.005237729,0.005618238,0.005724121,0.006371714,0.005162856,0.004928600
79.63,88.32,94.16,85.84,100.00,98.88,100.00,100.00,84.72,100.00,99.25,82.86,100.00,100.00,100.00,83.23,100.00,90.31,100.00,97.89,84.99,88.73,95.53,89.64,100.00,98.57,100.00,100.00,95.05,100.00,98.66,83.82,100.00,100.00,100.00,91.15,100.00,89.08,100.00,97.76,0.006167351,0.005636956,0.005716160,0.006134943,0.005425190,0.005312671,0.005182343,0.005260079,0.005674742,0.005077438,0.005244993,0.006500855,0.005053900,0.005693600,0.005158596,0.005304569,0.005839224,0.006051968,0.005474360,0.004728637
